,1
SG,81819
,41157
MY,36741
Malaysia,15243
PH,7392
Malaysian,5983
SGP,3122
IN,2170
HK,1556
CN,1526
PHL,1345
ID,1074
MYS,1048
Hong Kong,945
MALAYSIA,899
BU,752
malaysia,741
MALAYSIAN,653
Malaysia ,500
Malaysian ,426
Thailand,398
VN,356
malaysian,347
IND,299
TH,280
CHN,244
KR,241
TW,234
GB,216
AU,214
Thai,204
IDN,169
Chinese,165
US,152
JP,143
MMR,117
Malay,108
Hong kong,108
Singaporean,101
ไทย,90
FR,80
LK,73
中國,72
China,72
CA,69
VNM,69
香港,64
Warganegara,58
BD,47
Hk,47
Melayu,46
PK,41
中國香港,41
MALAYSIA ,40
KOR,38
THA,38
NP,37
Singaporean ,36
Singapore,34
GBR,33
DG,33
NZ,32
JPN,28
AUS,27
TWN,26
NT,26
MM,25
hong kong,25
Filipino,23
malaysia ,22
Singapore ,21
IT,21
Japan,20
FRA,20
ZA,19
Indian,19
RF,19
GG,19
BN,18
USA,16
MALAYSIAN ,16
malay,16
Chinese ,15
Hongkong,15
HKSAR,15
BR,14
CH,14
MALAY,14
MX,13
My,13
MV,13
LKA,12
china,12
BE,12
Hong kong ,12
ES,12
MELAYU,12
BGD,11
SS,11
Bumiputera,11
NPL,11
IE,11
hk,11
Hong Kong ,11
IL,10
PAK,10
UN,9
UR,9
thai,9
warganegara,9
PT,9
chinese,9
马来西亚,9
hongkong,8
MN,8
HONG KONG,8
TR,8
SINGAPOREAN,8
Indonesian,8
WARGANEGARA,8
CO,8
AO,7
AR,7
Malaysians,7
ZAF,7
ASM,7
AT,7
singaporean,7
KA,7
KZ,7
EG,6
RO,6
RUS,6
SE,6
BRA,6
MU,6
CAN,6
日本,6
AD,6
IR,6
ITA,6
AI,6
filipino,5
Malayaia,5
 Malaysian,5
melayu,5
DEU,5
DK,5
Warganegara ,5
Hong Kong SAR,5
NZL,5
PL,5
PE,5
Bumiputra,5
Indian ,4
American,4
MA,4
AQ,4
UK,4
CR,4
MEX,4
Thailand ,4
VE,4
Cina,4
Myanmar ,4
Citizen,4
AM,3
KHM,3
POL,3
Nationality,3
PRK,3
British,3
Malysia,3
Malaysion,3
Hksar,3
Philippines,3
Singpaorean,3
Islam,3
Hk ,3
cina,3
Malaysia n,3
Canadian,3
Sabah,3
CHE,3
Malay ,3
Taiwan,3
EC,3
Citizens,3
NG,3
Indonesia,3
MNG,3
ESP,3
AZ,3
Selangor,3
Filipino ,3
Myanmar,3
NLD,3
malaysian ,3
BUMIPUTERA,3
 ,3
Melaka,3
GR,3
CL,3
Warganegara malaysia,2
Islam ,2
Warganera,2
Sg,2
AL,2
KAZ,2
KH,2
Warga negara,2
CHINESE,2
VU,2
LB,2
CHINA,2
Malayasian,2
UKR,2
MB,2
Makaysia,2
Maaysian,2
PER,2
Maaysia,2
TT,2
CY,2
singapore ,2
AUT,2
"Hong Kong, China",2
Malysian,2
IRL,2
HUN,2
SA,2
NO,2
000313030711,2
french,2
China ,2
Malayu,2
GBN,2
melaysia,2
FIN,2
RU,2
warga negara,2
BEL,2
Dusun,2
singapore,2
Malaysian Chinese,2
SK,2
Hongkong ,2
DZ,2
RS,2
Malaysians ,2
QNETDEALS,1
TTO,1
Philippines ,1
Sunagai petani,1
910306045344,1
SAU,1
Swiss,1
TD,1
890508015818,1
S7724284H,1
860505235965,1
South Korea,1
Romanian,1
81000,1
TN,1
Republic of korea,1
880409035734,1
SC,1
South African ,1
Seremban,1
"Sabah , Malaysia",1
SVK,1
880310145474,1
900328145355,1
Siamese,1
SPR,1
PNG,1
SINGAPOREAN ,1
TUR,1
SINGAPORE CITIZEN,1
Sinagapore,1
871203105595,1
870712015665,1
Singapore Citizen,1
870522145522,1
869315296003,1
SINGAPORE,1
Singaporeans ,1
Singhalese,1
881209355199,1
Penang,1
Philippine,1
TUN,1
Bumi putra,1
80050,1
malayasia,1
my,1
malysian,1
malayysia,1
malaysian/thai,1
 Malaysia,1
malaysiam,1
 Thai,1
malaysa,1
malayaia,1
china hong kong,1
 malaysia,1
malalysian,1
indonesia,1
hong kong sar,1
.,1
hong king,1
hksar,1
citizens,1
no,1
perak,1
rider,1
sabah,1
馬來西亞,1
  ,1
华人,1
中籍,1
  Hong kong,1
中國 香港,1
  Thai,1
　Hong Kong ,1
 China,1
west chinise,1
 Indonesian,1
warganagara,1
thailand,1
 Malay,1
singopre,1
singaporean ,1
sarawak,1
000505010631,1
000805080336,1
770829086530,1
3/69 floor13 soi petchburi15 rajtave bangkok10400,1
1100400453565,1
Untied kingdom ,1
United States of America,1
United States,1
United Kingdom of Great Britain and Northern Ireland,1
UZ,1
1152562,1
1969899000060 ,1
53200,1
burmese,1
UG,1
Thi,1
Thailand​,1
721205105456,1
730827125165,1
Taiwanese ,1
Taiwan ,1
TZ,1
0173106645,1
Vietnam,1
Vietnam ,1
Vietnamese,1
bumiputera,1
buddah,1
british,1
bajau,1
asian,1
as99,1
ahmad fazlie kuala lipis,1
001229140023,1
YEM,1
XXX,1
"Wilayah Persekutuan, Kuala Lumpur",1
Warnegara,1
Warganegara Malaysia,1
0101030224,1
Warga negara Malaysia,1
PHILIPPINES,1
Vietnamese ,1
910627025416,1
Malaysiaĺ,1
PHILIPINES,1
Hkhk,1
Hong kwok,1
Hong konh,1
"Hong kong, China ",1
Austrian ,1
Hong Kong china,1
Hong Kong China,1
BF,1
BG,1
Hkg,1
"Honk kong, china",1
Hkc,1
HkSAR,1
BL,1
Hing Kong,1
HU,1
HRV,1
HONG KONG SAR,1
BO,1
Australian ,1
I,1
Kuching,1
Jawa,1
Kuala lumpur,1
Kuala Lumpur,1
Kota kinabalu sabah,1
Korean,1
Kl,1
Kegunaan kedai,1
KUCHING,1
KL,1
Japanese,1
Australian,1
Italiana,1
Italian,1
Iran,1
Indonesian ,1
Indonasian ,1
AZE,1
American ,1
Asyraf ,1
HKG,1
H.K.,1
German,1
Canada,1
Colombian,1
Chinese hong Kong,1
Bangladeshi ,1
Biru,1
"China, Hong Kong",1
China Hong Kong,1
China Hk,1
Chain,1
Cambodian,1
GRC,1
COL,1
British ,1
CHN(HK),1
Buddha,1
Buddhist,1
CD,1
CB,1
Bugis,1
Cwb,1
DE,1
Bangladeshi,1
EGY,1
GN,1
GH,1
BRN,1
GF,1
GC,1
BT,1
French,1
Flipino,1
Finnish,1
BUMIPUTRA,1
BZ,1
Bajau ,1
FILIPINO,1
FI,1
EST,1
Bangladesh ,1
EN,1
Kuala lumpur ,1
LA,1
910916085968,1
Bumiputera Sarawak,1
Malysian ,1
Mallaysia,1
Mali ,1
Mali,1
Malaysis,1
Malaysin ,1
Malaysin,1
Malaysia’s ,1
Malaysian chinese,1
Maysia ,1
Malaysian Citizen,1
Malaysian  ,1
941211105991,1
950710035881,1
Malaysiam,1
Malaysiaan,1
Malaysiaa,1
950728145093,1
Marid,1
Melayasia,1
LEBANESE,1
940702085476,1
920107016347,1
Ok,1
No 35 ,1
New Zealand,1
Nationality ,1
920114145876,1
931123045248,1
940616036213,1
NL,1
941019146187,1
NATIONALLY ,1
NATIONALITY ,1
NATINALITY,1
NAM,1
NALAYSIA,1
940723145327,1
Muslim,1
Mqlaysia,1
960623265063,1
MalaysiA,1
Malaysi,1
MALAYSUA,1
MNP,1
980829105223,1
MMALAYSIA,1
981212085917,1
MG,1
990417015765,1
MDV,1
MAlAYSIAN,1
990716065172,1
Malaysai,1
990831-06-5565,1
MALAYSIA N,1
990917146796,1
?,1
MALAYSI,1
MALAYSAIA,1
MAAYSIA,1
M,1
MO,1
MRT,1
MT,1
980319565123,1
MalaysIa,1
Malayian,1
Malayia,1
Malaydian,1
Malaydia,1
Malayasia,1
Malayaian,1
960928025001,1
Malasyia ,1
Malasian,1
Malasia,1
Malalysian,1
Mala,1
961114265211,1
MYANMAR ,1
970314105129,1
970802145111,1
MAlaysian,1
